ID,total_cost
tour_1,25449059.899631325
tour_100,11321196.074977137
tour_1001,10319249.355638657
tour_1006,2853960.8406031313
tour_1009,25444443.913944185
tour_1010,3035059.2870931146
tour_1014,4797856.976690953
tour_1015,3957876.016262352
tour_1019,1239536.2677305632
tour_1020,7438954.409225625
tour_1023,12867892.87539385
tour_1025,12667850.651477257
tour_1031,33092762.49567406
tour_1037,3811535.9338352005
tour_1044,2075189.7382847029
tour_1053,5920600.456137839
tour_1056,4687206.173907774
tour_106,23084637.630774535
tour_1064,4695315.2852678085
tour_1069,11607263.102759194
tour_1077,1070214.2369282928
tour_1084,5068610.296369082
tour_1087,11032167.695926294
tour_1089,367953.99133365304
tour_1091,1696546.899059098
tour_1093,4187303.787737018
tour_1094,3180314.966916041
tour_110,692147.4854070453
tour_1100,3600537.726502034
tour_1101,25806768.45301324
tour_1105,4494194.789223954
tour_1106,12057413.680247238
tour_111,2013171.4280001584
tour_1112,28257716.111856155
tour_1113,10120049.401224213
tour_1114,470041.7822962812
tour_1117,222046.95800312157
tour_1119,3695734.188925052
tour_1127,5313263.277321142
tour_1140,2987343.856785161
tour_1141,2870898.513244442
tour_1143,7997120.395573234
tour_1145,962941.2632020256
tour_1148,2339221.591572198
tour_1153,1430611.0549205963
tour_1156,2823857.8815255337
tour_1157,1746150.3245197607
tour_1160,929774.835020488
tour_1169,7866828.705093209
tour_1170,5327985.767059016
tour_1177,3568014.4618566325
tour_1180,4243170.286150613
tour_1185,5252043.196039776
tour_1187,1578033.5823865389
tour_1189,21857863.301420815
tour_119,15647392.956346042
tour_1199,1238890.6261716555
tour_120,1137102.5323388749
tour_1204,18374319.53971147
tour_1206,3568067.133227339
tour_1218,1457675.4711489945
tour_1223,3031124.06480119
tour_1225,6225723.252341738
tour_1227,4200560.878074738
tour_1228,687519.6494155914
tour_1229,3522077.4258210817
tour_1232,16390028.684199713
tour_1236,20934047.76992176
tour_1237,3129095.3638884765
tour_124,5969461.628733312
tour_1240,2361164.197993541
tour_1243,1027326.2828678344
tour_125,2668758.0046624187
tour_1250,24764068.67617505
tour_1251,7268114.499327574
tour_1255,3871853.318805101
tour_1257,8230413.583695986
tour_1258,14898111.650693154
tour_1264,643864.5637435308
tour_1266,1845918.7015506113
tour_1268,11128383.554298786
tour_1269,1965712.8703771243
tour_127,1976454.234083188
tour_1270,1621082.7288742869
tour_1272,963865.6686797584
tour_1277,3683629.58784256
tour_1280,11244002.01626626
tour_1283,15523392.064369954
tour_1284,17681640.384944927
tour_1285,9378909.273742525
tour_1288,1997095.6112969671
tour_1292,4788226.349716571
tour_1293,4282523.80507545
tour_1297,7180747.255521526
tour_1299,11168920.947946968
tour_130,3354151.9128644615
tour_1300,2561392.544573923
tour_1301,3045148.577865076
tour_1307,2466055.257141017
tour_131,648997.9077878274
tour_1317,10245921.79549418
tour_1318,4980289.60031546
tour_1320,3823832.53493102
tour_1322,2125180.356547133
tour_1323,2966204.327136687
tour_1341,589639.0148892778
tour_1346,4172467.4160870058
tour_1348,3108827.2206458976
tour_1352,22520867.95852978
tour_1354,9452277.991020745
tour_1355,10037042.021792121
tour_1365,1320550.2219507548
tour_1366,7837707.4798799595
tour_1374,6098615.42922115
tour_1378,1976454.234083188
tour_1389,5569727.495884941
tour_1392,1139440.4981466632
tour_1396,2567778.949535215
tour_1398,8579449.067143848
tour_140,729128.6629738742
tour_1403,3120596.3732317416
tour_1407,7703469.643795476
tour_1416,1597248.2169064612
tour_1421,4580427.633388276
tour_1424,16925329.75083996
tour_1428,16118675.980637036
tour_1433,1312006.7491422296
tour_1434,5796853.2236405695
tour_1435,1183728.2924489118
tour_1437,917781.9151689642
tour_1438,1134479.7804339153
tour_1441,687519.6494155914
tour_1442,1812355.9978167072
tour_1449,3911853.7864071224
tour_1450,18309870.85371023
tour_1451,706893.8198339219
tour_1459,6991747.220474173
tour_1463,492925.16706841876
tour_1468,1957796.6705294894
tour_1470,672753.293892148
tour_1477,5276920.66589039
tour_1479,33534920.86676053
tour_1484,3114601.9300708165
tour_1488,28555047.80346803
tour_1497,6464770.017378035
tour_1499,10565775.860134337
tour_15,5664508.050479753
tour_1502,5884978.13614003
tour_1503,4775328.834737255
tour_1515,15385060.902980417
tour_1517,15175818.795176493
tour_1521,3843199.66307228
tour_1522,927742.1710246727
tour_1523,6854743.88324167
tour_1527,4280674.663399533
tour_153,2304118.443051914
tour_1532,13259427.013809279
tour_1535,190093.63086782885
tour_1539,17646782.53013208
tour_154,5271605.624240316
tour_1540,2381870.5845899843
tour_1544,3590895.491301086
tour_1546,1560977.736833374
tour_1549,2783998.735126781
tour_1552,5594785.758388171
tour_1553,4496952.030217975
tour_1554,2504675.2680936977
tour_1557,1754736.3525565455
tour_1566,8987972.406036876
tour_1568,1352091.772259914
tour_1569,17599531.123077825
tour_158,1448923.6430739108
tour_1583,18104450.121855088
tour_1584,17673194.875407096
tour_1588,5564406.871849452
tour_159,27175106.9885586
tour_1594,1842531.1297595534
tour_1595,11724711.30054315
tour_160,6374812.795840409
tour_1603,10162532.36290225
tour_1608,2732827.0954655
tour_161,3604180.96131216
tour_1611,7431804.632012784
tour_1615,5341687.340353833
tour_1622,2863535.851757906
tour_1624,16513417.620815996
tour_1625,10714915.513955118
tour_1627,12766892.42358677
tour_1630,966263.9126524366
tour_1632,9778574.127428522
tour_1637,11251882.750590274
tour_164,2842436.7082660333
tour_1641,1763261.8711202873
tour_1643,24259709.346072644
tour_1649,4231350.407803423
tour_1650,33893509.1639249
tour_1651,17285031.671495654
tour_1654,1139440.4981466632
tour_1657,29294121.803830486
tour_1660,1095683.3946002466
tour_1668,3675135.0671837283
tour_167,5723860.499552786
tour_1674,15653089.824661655
tour_1676,12949856.238139324
tour_1680,5434359.386020204
tour_1682,12319295.771090155
tour_1689,629191.259238976
tour_1695,10021728.078133382
tour_1696,2970476.7247954775
tour_1699,6913480.520993546
tour_1704,672753.293892148
tour_171,1694040.4886059274
tour_1711,672753.293892148
tour_1717,11204198.755243579
tour_1718,3873569.666328517
tour_1734,19905394.852217365
tour_1743,14331003.037898147
tour_1744,22626195.199442953
tour_1745,11030043.48018582
tour_175,9971020.134456366
tour_1754,10033962.56030754
tour_1759,22712633.566402335
tour_1766,21189014.684662674
tour_177,12985409.615786966
tour_1770,31996832.321965557
tour_1772,2595341.1816764674
tour_1773,27993236.206545375
tour_1777,7121765.581683886
tour_178,1883219.201258551
tour_179,1227678.5931212008
tour_1792,16661926.412984235
tour_1793,19739711.094338935
tour_1796,18490860.66311879
tour_1804,7679429.716352138
tour_1809,8250810.386993979
tour_1815,2671809.778669409
tour_1819,7769139.63431814
tour_1820,4826908.351638735
tour_1826,19511307.682725817
tour_1827,32174944.22406214
tour_183,9630933.028745383
tour_1830,19606201.751472242
tour_1834,9791187.709636718
tour_1836,6053411.509513282
tour_1839,7556564.873103345
tour_1843,17453792.43215569
tour_1846,21170918.107668597
tour_1849,8446086.270478923
tour_1856,12010312.098790435
tour_1863,10629111.836703438
tour_1864,8875317.601766817
tour_1865,6028059.258625426
tour_1868,2818002.320851805
tour_1874,1305462.1732700125
tour_1879,27813360.77529351
tour_188,1897878.6418268443
tour_1888,1589661.4737084536
tour_1889,24450354.529441476
tour_1892,11733510.440489376
tour_1894,6517581.373005243
tour_1901,5178272.470727194
tour_1903,24532224.78421437
tour_191,38287371.15344832
tour_1910,4579050.931060959
tour_1912,18685862.136240363
tour_1924,15680988.74523841
tour_1928,22147542.802875556
tour_1932,25135806.159000758
tour_1939,12711393.341103986
tour_1948,8827514.378511634
tour_1951,24820801.323282775
tour_1952,13290045.157591997
tour_1954,10856320.641032713
tour_1955,30001948.672468595
tour_1957,3921266.7025428424
tour_196,15450727.739922192
tour_1964,1765410.9579950022
tour_1966,13045382.916201549
tour_1976,19254942.122142456
tour_198,1936294.4214687482
tour_1983,7261960.656747906
tour_1984,19392074.22813426
tour_1987,19052153.917384952
tour_1989,3848491.8062599413
tour_199,6063847.068353912
tour_1990,1114888.650034012
tour_1991,14869022.633053195
tour_1992,1330171.8319829316
tour_1994,17245506.431147315
tour_1995,25492519.158296503
tour_1998,11556071.494287604
tour_200,9251513.20196875
tour_2007,4988434.834828721
tour_201,1479686.1341110447
tour_2010,8152971.962773246
tour_2011,20653829.221291173
tour_2012,1728203.9105467144
tour_2013,9494837.585512947
tour_2014,829016.9708525706
tour_2017,28532015.101804785
tour_2023,9591626.220252136
tour_2025,24125289.21505643
tour_2030,8423276.97103993
tour_2035,6974364.161585028
tour_2044,17024113.934380986
tour_2051,1029524.7487829763
tour_2053,13561352.104375929
tour_2056,21899154.75022761
tour_2061,19761214.561366536
tour_2062,4360042.179666113
tour_2065,2018904.1873014374
tour_2066,4971558.30774811
tour_2074,14884237.359992335
tour_2075,21999872.24968097
tour_2086,11649018.940336399
tour_209,4051565.8191265753
tour_2091,15233792.154487327
tour_2097,4949642.005995795
tour_21,11996036.459726004
tour_2102,2353116.3263760875
tour_2108,3438501.463974526
tour_2117,2538919.2066021613
tour_2120,1347463.9362684602
tour_2126,9799740.939838253
tour_2127,1599749.176735038
tour_2128,17095268.541116633
tour_2132,3658925.181753302
tour_2133,25200924.542002987
tour_2137,2677022.3879848197
tour_2141,7874805.244327507
tour_2142,19245389.128631167
tour_2147,5047127.964981004
tour_2148,7484109.853353016
tour_2150,1176812.3161910002
tour_2165,960071.416515288
tour_2167,26463525.699853357
tour_2171,2739610.2736761305
tour_2173,32462276.17077235
tour_2174,8214865.646634999
tour_2181,8918002.400787858
tour_2189,2010059.178372541
tour_2192,1858623.0412900986
tour_2193,676168.7895737373
tour_2197,526758.0187650389
tour_2198,14701617.458403978
tour_220,14928575.115997193
tour_2208,24852434.680913635
tour_2214,9502008.121281032
tour_2215,5976634.83039692
tour_2219,1711462.7050831292
tour_222,1704936.8118897981
tour_2224,8061383.924777356
tour_2225,1515479.7340418182
tour_2226,30008598.962537937
tour_2227,5220802.376870337
tour_2232,3944724.017603443
tour_2235,948728.895302257
tour_2238,24879781.144316025
tour_224,2558163.4854841386
tour_2244,1316383.2076935421
tour_2245,8397971.518224185
tour_2247,8586723.460436106
tour_2249,2184609.495414929
tour_2256,25925285.717537638
tour_2257,813250.7711178374
tour_2259,4814862.122771345
tour_226,966263.9126524366
tour_2262,9261728.773716316
tour_2264,3059638.8480481864
tour_2269,12087017.376002658
tour_227,10433844.084209535
tour_2272,23741900.791104577
tour_2273,2974931.208515076
tour_2275,962274.833173393
tour_2279,13684387.653347155
tour_2287,963457.3393736702
tour_229,1652431.4750476445
tour_2293,10316068.733658098
tour_2298,1573970.9698107182
tour_2300,3255287.2655132394
tour_2303,29195376.25766684
tour_2304,1460115.4144423383
tour_2307,2260993.3092981433
tour_2309,7215404.429442371
tour_2316,1806152.3471711373
tour_2320,2410124.2415195857
tour_2322,24165195.0582322
tour_2323,9347660.735932376
tour_2332,5033223.560809931
tour_2335,7388269.635472701
tour_234,9096647.390600372
tour_2340,7280744.782139449
tour_2341,6251461.943683518
tour_2350,3936678.606934111
tour_2359,9824589.842593797
tour_236,17094746.75689561
tour_2363,7842852.815452728
tour_2365,17319714.33673109
tour_2366,11288255.607779674
tour_2369,11353503.272483798
tour_237,20312956.258212373
tour_2379,15204196.284287222
tour_239,15468826.994139766
tour_2390,5038844.306698662
tour_2393,7918224.012106097
tour_2397,7536547.722941757
tour_2404,1054701.6560403064
tour_2406,1247569.243485834
tour_2413,4420323.503903203
tour_2415,3140449.7653211406
tour_2418,939947.8765898799
tour_2427,2712164.2668903423
tour_2430,858489.0535686314
tour_2431,12078409.679996558
tour_2432,5062497.34638583
tour_2437,7538323.866193516
tour_244,8598834.794004666
tour_2442,6077279.653726063
tour_2452,27932866.346332565
tour_2456,39824595.40755897
tour_2460,20965145.94006036
tour_2464,1946309.755845813
tour_2467,12006635.708796592
tour_2468,18309288.295606975
tour_247,20078203.348512143
tour_2472,8957074.911081819
tour_2473,2544974.5503939376
tour_2474,8714084.706571156
tour_2477,16044292.196339455
tour_248,17596969.296927463
tour_2481,31829622.6549557
tour_2491,1014231.77128725
tour_2494,3172891.374240154
tour_2496,16944609.787523557
tour_2497,10121247.53389211
tour_2506,7309721.349865886
tour_2508,17880686.13450946
tour_2509,944901.7489080229
tour_2512,9488138.889770905
tour_2513,13441298.769817125
tour_2514,6541575.758621692
tour_2520,23904626.22109701
tour_2522,5289774.461136586
tour_2523,17204350.544059746
tour_2531,3583515.928695151
tour_2539,7017797.772122066
tour_2541,3985237.442370594
tour_2546,8173707.968871554
tour_2552,4622185.173941261
tour_2554,4503108.168208139
tour_2555,1742290.7687458734
tour_2556,702812.6269113175
tour_2561,1051118.0708808273
tour_2568,934236.6074037508
tour_2571,1735249.7670875064
tour_2577,3138463.464922325
tour_2581,19067084.405443314
tour_2582,15546934.82897069
tour_2589,1823877.53907565
tour_2591,819436.1657493141
tour_2593,7888195.378984773
tour_2595,14379791.38612367
tour_2596,15241194.690723522
tour_2597,2204107.421978619
tour_2599,22381194.153701182
tour_26,12923082.664959364
tour_2603,1029596.19533928
tour_2604,12476403.695631567
tour_261,22443766.528541904
tour_2612,3136889.8206761666
tour_2614,12379258.096619437
tour_2616,4152387.8291373285
tour_2619,10700408.743213119
tour_262,4212310.156996506
tour_2624,11656209.472221395
tour_2626,1303622.0087446128
tour_2628,2763281.7569998973
tour_2640,3948176.814272828
tour_2641,1268000.063063242
tour_2642,4106465.3657956203
tour_2645,7322977.584155614
tour_2649,23924039.19226371
tour_2653,4710503.93363094
tour_2657,942217.7890613256
tour_266,1347463.9362684602
tour_2668,4989994.950630261
tour_267,2984218.9731588867
tour_2676,1738100.426800412
tour_268,9020345.096790748
tour_2681,1957579.5412530766
tour_2683,33378102.464494456
tour_2686,5441277.1288452605
tour_2688,7400305.4287283635
tour_269,2022647.0403621169
tour_2690,14527126.906451322
tour_2691,6892579.67322741
tour_2692,6118427.6288243225
tour_2700,10239957.533705877
tour_2704,5099556.556027882
tour_2706,10622740.98846916
tour_2707,13998504.35566303
tour_2713,7326727.387902849
tour_272,18598804.538973115
tour_2720,4228821.389095995
tour_2724,704140.6538147822
tour_2732,3619038.968326609
tour_2738,4993721.015867
tour_2740,8273623.862597761
tour_2744,4292498.427823798
tour_2747,21549338.16111218
tour_2752,7841862.360542113
tour_2761,8500184.929921655
tour_2763,36283841.41695075
tour_2766,10260830.495431604
tour_2779,23078211.195758432
tour_278,7295429.814831459
tour_2781,10777077.971925722
tour_2784,1265322.8351540163
tour_2787,924654.8990941538
tour_279,2882366.531188014
tour_2790,1942043.536354785
tour_2796,8751618.09463642
tour_2797,14272740.295072766
tour_2799,4888304.149353169
tour_280,5893990.049667193
tour_2803,4021123.419522301
tour_2805,787407.9572942877
tour_2808,11863062.68202082
tour_2812,25634946.640751928
tour_282,904984.0292120666
tour_2821,1114120.079165946
tour_2822,38784604.779384546
tour_2823,3742456.867422645
tour_2825,13426177.185588986
tour_2832,5670745.309268464
tour_284,1388874.7368697852
tour_2843,10210252.603334576
tour_2848,2227006.3751787934
tour_2852,771641.7575595545
tour_2853,34320283.03680638
tour_2854,838468.5923845603
tour_2857,1199876.6927174379
tour_2868,9737639.991902344
tour_2869,5132500.23497635
tour_2873,3841265.3102015774
tour_2874,9401416.433062362
tour_2877,28880575.623397678
tour_2878,1471299.2708295963
tour_2879,9211295.56737599
tour_288,9693575.758146772
tour_2893,5359222.96298787
tour_2897,5811914.841818763
tour_2898,1030579.2112718334
tour_29,2653054.618206636
tour_2901,2191403.828920317
tour_2907,1391863.1677363075
tour_2914,23216060.65707211
tour_2923,1889566.7247262066
tour_2925,25299353.822355524
tour_2926,8619239.220604008
tour_2927,23866745.976376448
tour_2928,34276528.413608976
tour_2931,4065127.0062621324
tour_2934,4427319.230882031
tour_2941,1706508.8327649857
tour_2947,2985029.6774864383
tour_2948,4198675.269759045
tour_2951,2190698.3989154273
tour_2953,8981314.75829232
tour_2955,3877703.7081107423
tour_2956,12933836.153450226
tour_2964,6811944.077398783
tour_2967,4226431.817911592
tour_2983,987504.6834583913
tour_2986,12155878.016352609
tour_2989,809748.2355916201
tour_2995,2223252.9060759945
tour_3,1676223.76090168
tour_300,28441301.738874245
tour_3020,3960625.7421196685
tour_3021,6296592.628232283
tour_3025,19176886.775056764
tour_3029,1263772.87492558
tour_3030,9153542.600996615
tour_3034,7350810.436253622
tour_3045,9137346.989053506
tour_3058,5634552.428208473
tour_3065,1323028.2719315325
tour_308,21007696.833714295
tour_3083,1571016.7368752335
tour_3085,9135707.173230631
tour_3094,2018208.1928969068
tour_3096,2122086.1338914474
tour_3097,12651417.525554335
tour_3098,6370271.891894758
tour_3099,966263.9126524366
tour_310,5399891.444555431
tour_3101,1444826.4953850708
tour_3106,22629750.12261242
tour_311,1007156.6774131861
tour_3110,19198843.15650265
tour_312,17236391.489199817
tour_3122,692473.5217337346
tour_3123,1051118.0708808273
tour_3125,1614965.442431048
tour_3128,5467091.475939421
tour_313,6752416.914802114
tour_3133,25289380.02224532
tour_3134,13978240.98637889
tour_3136,7843851.925749342
tour_3139,17009098.03519988
tour_3141,1360186.183070698
tour_3145,20391813.45126718
tour_3147,4486078.586638148
tour_315,1569017.0974925752
tour_3165,20423411.031028766
tour_3168,702812.6269113175
tour_3179,8423478.405244185
tour_3191,14286263.417060697
tour_3195,4193918.5645986167
tour_320,1732904.3409019024
tour_3208,13634195.365720138
tour_3209,24616416.39689447
tour_3210,36584607.29888097
tour_3212,30239684.19565141
tour_3217,30184143.837236695
tour_3218,33532356.94159905
tour_323,3428001.2090178574
tour_3233,702812.6269113175
tour_3235,7905872.757352304
tour_3237,4206575.233966654
tour_3244,1054701.6560403064
tour_3247,22220979.540112123
tour_3249,22182164.787576035
tour_3252,8523918.716923406
tour_3254,4304262.504768422
tour_3257,7848351.73891005
tour_3259,617548.527680974
tour_3261,1428200.704624614
tour_3267,9067647.525689175
tour_3269,1629605.196658369
tour_3271,24508482.25651384
tour_3273,923616.519777324
tour_3283,8629916.528507099
tour_329,3222623.804507177
tour_33,12932604.710211448
tour_3303,7474647.642625311
tour_3304,942503.5049353447
tour_3306,5708699.659524472
tour_3310,14941159.055917796
tour_3312,6553206.75602741
tour_3316,32725841.28272203
tour_3319,9837695.764342746
tour_3322,22449338.718116008
tour_3326,6599114.348274725
tour_3327,7036741.574968668
tour_333,3504491.831558193
tour_3332,14515827.563297085
tour_3334,20382465.715236254
tour_3335,27449809.020440076
tour_3339,2621788.0596891125
tour_334,1354702.1773466873
tour_3342,7680632.241061321
tour_3345,8951667.704975903
tour_3346,12984392.989213554
tour_3350,2486272.602401649
tour_3353,9723268.467090692
tour_3358,692473.5217337346
tour_336,1798209.9054702243
tour_3361,2039841.6139606815
tour_3365,5776663.349046842
tour_337,4323361.117623689
tour_3372,804285.5766347648
tour_3384,1254083.1543716746
tour_3389,10492112.398029787
tour_3392,29424855.248741493
tour_3404,26408723.46779069
tour_341,30708573.78287269
tour_3414,961938.0169029121
tour_3421,12604822.662753267
tour_3423,12473158.307093836
tour_3425,9653828.374819916
tour_3426,1056872.452463465
tour_343,2421488.81507064
tour_3441,972277.1220804951
tour_3444,14942856.309038108
tour_345,1619290.1757943197
tour_3451,941019.0768748345
tour_3455,8224422.165603949
tour_3459,707766.4992294607
tour_346,19000251.8789413
tour_3462,8177164.106523009
tour_3465,1023553.8294004862
tour_3473,9509294.698926548
tour_3476,702812.6269113175
tour_3479,24131188.405698556
tour_348,12279941.014838124
tour_3480,29679873.886323713
tour_3485,4743245.815264883
tour_3494,21671505.196732074
tour_3497,5564394.747906185
tour_35,804516.5033782785
tour_3504,13688802.968425117
tour_3513,4371162.174860294
tour_3516,702812.6269113175
tour_3523,6581254.447817973
tour_3525,10514745.645763628
tour_3526,939947.8765898799
tour_353,34467391.02506227
tour_3530,18088245.654672112
tour_3533,2706728.263231744
tour_3535,3683793.2483553756
tour_3540,641266.6255624227
tour_3548,9355960.921209475
tour_356,1034478.6211011193
tour_3561,15369973.266521074
tour_3562,12397010.421455167
tour_3567,2095244.8754810118
tour_3571,4629639.034792446
tour_3572,11324261.229511874
tour_3579,10530786.375951545
tour_3589,9881407.21061375
tour_3593,193199.90900235402
tour_3598,8027611.121731535
tour_36,734082.5352920175
tour_3600,7300995.173549176
tour_3603,19172045.263967846
tour_3605,9288144.787940329
tour_3609,5467943.47241585
tour_361,19667375.684835047
tour_3610,9188335.164465996
tour_3613,3747807.807719971
tour_3615,7049396.659240421
tour_3618,8754246.407685596
tour_3620,28689960.464174148
tour_3622,13593791.727842798
tour_3623,27644182.305686377
tour_3626,26326924.813007444
tour_3637,3452523.4839326926
tour_364,1833682.4054930282
tour_3644,9094208.983966459
tour_3645,7843851.925749342
tour_3650,2989408.971717113
tour_3654,12474636.727818307
tour_3657,664290.8852835535
tour_3659,1024642.3230211369
tour_3662,1668905.405371271
tour_3665,1051118.0708808273
tour_3668,677707.1662102912
tour_367,5095839.031609567
tour_3674,3467370.58434973
tour_3679,10553495.016739838
tour_3680,14180149.815333711
tour_3684,3815748.122237535
tour_3690,17021671.420843367
tour_3691,4811988.881612936
tour_3692,15109520.226202838
tour_3693,3830928.8615694465
tour_3704,1569017.0974925752
tour_3709,3940785.020348562
tour_3711,14799077.889504932
tour_3715,2105361.243953906
tour_3716,12116610.900445258
tour_3722,1506003.7356827783
tour_3723,2402820.995078548
tour_3726,12540792.585036209
tour_3727,1379594.9688021173
tour_373,1229723.784525263
tour_3732,2670637.5131525467
tour_3739,21807379.169649955
tour_374,1878869.8911039683
tour_3742,13919463.701047441
tour_3750,9992858.250779945
tour_3751,7936276.698216352
tour_3758,1657059.3110390983
tour_3759,2805114.5445507844
tour_3761,23152791.021159824
tour_3768,772641.6017708443
tour_3771,937549.6326172017
tour_3773,1579952.2370937355
tour_3774,634231.552264384
tour_3776,2862877.2671210617
tour_3779,6985303.748609539
tour_378,1518779.2111720871
tour_3787,9370881.271266839
tour_379,4830397.946559904
tour_3795,6074777.913110036
tour_3798,10836354.64401579
tour_3802,1794858.9173516766
tour_3827,24165040.251603767
tour_3828,26469948.321111213
tour_3830,28455857.77164488
tour_3832,24038456.672660027
tour_3833,12122744.502306469
tour_3834,8339554.681579579
tour_384,4282523.36684461
tour_3841,1289862.3668585483
tour_3845,1124674.1426232199
tour_385,15448524.104584554
tour_3855,6389115.521950371
tour_3856,939947.8765898799
tour_3857,672753.293892148
tour_386,1608640.1003099382
tour_3864,672753.293892148
tour_3866,1274122.5217342728
tour_3869,5456994.120640155
tour_387,1676223.76090168
tour_3870,10998393.194156129
tour_3872,939947.8765898799
tour_3873,8394073.771216929
tour_3877,4163210.9832108994
tour_3879,705195.7685359723
tour_389,2621741.2906530704
tour_3896,2358494.602846575
tour_390,7510534.655837624
tour_3902,5835739.629549783
tour_3908,18679792.724060036
tour_3912,8231600.147486628
tour_3915,4377437.981307824
tour_3916,15742290.046477132
tour_3917,2114752.0183208967
tour_3928,19762347.37380102
tour_3930,28455857.77164488
tour_3934,2201052.093816807
tour_3935,6670073.549924331
tour_3936,8852420.688872159
tour_3938,13709862.48196465
tour_3939,548902.8681523689
tour_3940,17338670.600897748
tour_3942,4997665.355724994
tour_3945,3613698.7125305054
tour_3954,1806152.3471711373
tour_3966,1169528.0866136982
tour_3970,38290080.55217436
tour_3989,18142753.61500635
tour_3990,10973609.302871106
tour_3993,31742033.523171626
tour_3995,9719747.905709192
tour_3996,10377677.35178313
tour_3999,23523397.33706965
tour_4000,702812.6269113175
tour_4010,9026872.25766973
tour_4015,10297113.26871412
tour_4016,23657686.919807084
tour_4019,15613678.85735232
tour_402,3231450.0530987233
tour_4020,696878.183279022
tour_4032,14435427.78905108
tour_4033,8753563.70718075
tour_4034,2293948.8460374204
tour_4035,14435427.78905108
tour_4037,14435427.78905108
tour_404,677707.1662102912
tour_4042,4400256.437667831
tour_4048,10576902.449099347
tour_405,22007325.79618909
tour_4050,5359662.841139547
tour_4051,1349313.870298704
tour_406,2287137.1584600583
tour_4061,942503.5049353447
tour_4069,19154910.85925246
tour_4070,2997217.627880938
tour_4073,8162759.332757115
tour_4081,19226269.705977157
tour_4082,3511233.4830655856
tour_4088,9178618.346677098
tour_4089,2640895.206491385
tour_41,998593.1581430519
tour_4102,6943937.909387272
tour_4103,34582294.3567987
tour_4104,23942552.179151293
tour_4109,7676836.28239699
tour_411,8293061.349031088
tour_4111,17654240.30025983
tour_4116,1814436.5013028828
tour_4126,7465082.512228437
tour_4132,4616247.586372531
tour_4136,8557097.121742245
tour_4138,7695811.5198826045
tour_4139,1235764.9116516102
tour_414,1352417.8085866033
tour_4141,12975145.726265267
tour_4143,4599599.69414105
tour_4144,12734839.596802102
tour_4145,4596139.802740608
tour_4146,944901.7489080229
tour_4151,2278899.9927871455
tour_4152,1051118.0708808273
tour_4162,1917193.9467524725
tour_4163,15434135.395415103
tour_4166,11172753.231563667
tour_4173,4250951.635319846
tour_4174,27984485.25545719
tour_4175,7286900.887977807
tour_4177,3872063.8811644735
tour_4178,19304521.737085372
tour_418,1692359.5033838053
tour_4182,3511233.4830655856
tour_4184,1548637.4321430225
tour_4185,2875930.7315405463
tour_4188,11703861.805013943
tour_419,19767159.70859468
tour_4192,9569803.616807573
tour_4194,24321272.384098835
tour_4196,7751506.7475372255
tour_4199,15897063.868170045
tour_42,1421203.9823604003
tour_4204,1806152.3471711373
tour_4211,28419590.060282916
tour_4212,11963469.59998621
tour_4217,29792123.98888882
tour_4219,17635910.183001924
tour_4226,511020.4144709539
tour_4228,29792123.98888882
tour_4229,1255735.2067609057
tour_423,4008818.3984017484
tour_4234,2404078.473859086
tour_4235,480621.37477961753
tour_424,2205253.495964081
tour_4247,9564867.413671274
tour_4250,705195.7685359723
tour_4253,14206598.160994997
tour_4260,9215081.205107858
tour_4268,947744.4160370646
tour_4280,7098779.849860813
tour_4284,15044980.42777054
tour_4289,10727625.763054686
tour_4293,14099927.726887759
tour_4294,4239421.003158241
tour_4296,3057497.7852380676
tour_4298,4795403.285965734
tour_43,2848914.453514032
tour_4302,24087177.405567624
tour_4317,9174431.95450202
tour_4321,8226849.92160073
tour_4327,9730435.855396833
tour_4328,9540588.354945198
tour_4330,8732160.249118727
tour_434,4451367.107715611
tour_4340,10345866.778478727
tour_4347,3526900.3324950347
tour_435,10686594.695815803
tour_4350,1108460.634423105
tour_4354,1363661.1828042765
tour_4358,1915480.4139675621
tour_4363,11041052.478706704
tour_4365,10105998.17202433
tour_4372,2508922.168538788
tour_4374,2994165.5186496535
tour_438,1322132.4713237304
tour_4381,884973.4601477674
tour_4384,1680145.613706485
tour_4386,7325374.937486985
tour_4394,7078085.235534281
tour_4396,4728372.919852509
tour_4402,34582294.3567987
tour_4411,517470.23988610326
tour_4417,11433215.238989986
tour_442,672753.293892148
tour_4420,7548442.692705545
tour_4421,672753.293892148
tour_4425,8085996.87282886
tour_4435,1020602.676461808
tour_4443,8348510.393569551
tour_4444,854683.7773595364
tour_4445,17657197.4698902
tour_4448,8732160.249118727
tour_4449,32768457.574728634
tour_4451,1051118.0708808273
tour_4463,692473.5217337346
tour_4464,5147029.043792618
tour_4467,13867203.799138337
tour_4470,4381316.667873617
tour_4474,6185163.285650662
tour_4475,4185980.161327504
tour_4479,1667838.0356716625
tour_4487,1284053.962202927
tour_4491,2062370.9850588941
tour_4492,939947.8765898799
tour_4496,944901.7489080229
tour_4497,7744568.404674538
tour_4499,14088264.300523901
tour_4501,664290.8852835535
tour_4507,28705350.133543596
tour_4508,7703247.445755538
tour_4509,3145403.6376392837
tour_451,1186003.3840230892
tour_4514,833257.5700571288
tour_4520,17333174.26772104
tour_4521,3921920.1155203576
tour_4529,1159406.7451100936
tour_4533,11481401.466435244
tour_4543,2245934.083238043
tour_4549,27087819.000719164
tour_4562,23741012.945615746
tour_4569,33356124.793159734
tour_4571,14703626.462386802
tour_4575,31632159.54225405
tour_4578,8727550.326853154
tour_4581,2927370.6951925573
tour_459,13979390.349652065
tour_460,6441969.922058851
tour_4602,8326171.922533371
tour_4603,11923336.71471742
tour_4618,22725096.79654886
tour_4620,24299208.673193786
tour_4621,29892976.689187404
tour_4625,2491468.1803714735
tour_463,974157.2842506905
tour_4641,26408723.46779069
tour_4659,1068310.2562881014
tour_4666,5225833.996879893
tour_467,1206498.7983837111
tour_4675,10733790.73131431
tour_4679,10412151.390645381
tour_4681,12234856.445151929
tour_4682,10426977.414964162
tour_4691,6684312.767626664
tour_4698,1030871.2210669582
tour_470,18392693.991453405
tour_4702,8801444.902051577
tour_4704,19805176.591741927
tour_4707,3011250.1409538775
tour_4712,3922300.3596890764
tour_4721,5065956.940791076
tour_4722,16540192.694876708
tour_4723,11895567.95173249
tour_473,3453050.2840146977
tour_4730,4294463.78348408
tour_4739,4320130.393136516
tour_4742,3642429.999706739
tour_4743,3870294.412990442
tour_4756,4354930.301128078
tour_476,2541613.530702839
tour_4769,13443469.239942033
tour_477,1910486.3996084158
tour_4782,10681956.192860102
tour_4784,1022372.4105496914
tour_4787,5943275.700440456
tour_4807,4836482.867185435
tour_4811,20282050.573053285
tour_4812,9370618.64130529
tour_4816,15090575.321474737
tour_482,5418735.057527335
tour_4820,2277741.32324008
tour_4822,10249338.046487054
tour_4824,23304855.530053616
tour_4826,4166283.654509784
tour_4827,772641.6017708443
tour_4829,1652431.4750476445
tour_4831,692473.5217337346
tour_4832,3738299.771388453
tour_4837,2095551.7343235468
tour_4844,6645390.879283604
tour_4846,2377046.4609291903
tour_4848,1750388.3197406295
tour_4851,8275221.288714354
tour_4854,23876682.871173907
tour_4869,14346148.870923694
tour_4873,14745525.632115532
tour_4876,6400717.3807287095
tour_4878,2739610.2736761305
tour_488,1964600.097126092
tour_489,8831428.188299518
tour_4892,842077.4810822353
tour_4896,454678.35546717286
tour_49,1007079.4330539653
tour_4903,221160.10134185883
tour_4905,10199781.226962678
tour_4909,2116819.954650354
tour_4918,18840879.220828116
tour_4926,25553628.309232093
tour_493,11873559.223776788
tour_4931,5281031.545604557
tour_4935,11733666.911463108
tour_4938,5358235.42994683
tour_4939,8104403.657474364
tour_4940,12169587.001014309
tour_4945,13958036.18593138
tour_4948,38698400.18341069
tour_4954,3218391.512549359
tour_4956,18194240.446364153
tour_4960,1712502.854123461
tour_4961,3427819.1055105166
tour_4962,3551555.967604029
tour_4971,4228936.583692393
tour_4975,11544557.282813951
tour_4978,5865535.307509858
tour_4980,8228216.131034214
tour_4981,2072412.4796692857
tour_4988,4491475.243472396
tour_499,1307349.4866068554
tour_4995,9287506.012274237
tour_4998,9259295.964574948
tour_5004,2706728.263231744
tour_5008,7111932.699708935
tour_5009,25112360.687146235
tour_5012,11900025.399825394
tour_5015,11630441.170246158
tour_5016,4386575.809037183
tour_502,1110130.47363294
tour_5024,12210633.84229235
tour_5033,2099538.182834092
tour_5038,3073948.7913771872
tour_5039,4048360.5680954014
tour_5041,8234934.425329394
tour_5042,12404118.129215766
tour_5046,7044178.16651629
tour_5050,3182537.970512535
tour_5059,8206089.041307745
tour_5060,4662582.182388611
tour_5062,20829954.20298657
tour_5066,944901.7489080229
tour_5075,1191735.9906007086
tour_5081,10998178.534002142
tour_5090,14222655.595491195
tour_5094,18763259.04678023
tour_5096,1608689.8040810924
tour_5099,18007287.78083566
tour_5103,3821530.785429444
tour_5104,19156775.656031374
tour_5111,11189698.150481053
tour_5113,16421445.663758859
tour_5127,9595090.98488449
tour_5129,15121735.329203218
tour_5138,17084584.851364058
tour_514,648997.9077878274
tour_5140,702812.6269113175
tour_5143,672753.293892148
tour_515,3232506.613322307
tour_5154,13722876.807021642
tour_5155,10345866.778478727
tour_5160,8625326.250243437
tour_5162,3791815.9545788066
tour_5168,12694056.121390184
tour_517,1917348.330596512
tour_5174,3913177.2673772457
tour_5178,2706728.263231744
tour_5179,1054701.6560403064
tour_5180,1362756.9137641864
tour_5183,1029892.6787885891
tour_5186,1468720.6178740202
tour_5188,2384902.343833147
tour_5189,9038275.749315502
tour_5193,20523764.15659875
tour_5194,12106726.505027106
tour_5196,8544262.1902618
tour_5199,939947.8765898799
tour_5203,1016104.8655435147
tour_5204,3140449.7653211406
tour_521,2849055.71842581
tour_5212,17540753.081486735
tour_5213,7245868.276968389
tour_5215,748781.777230155
tour_5216,17758713.51597774
tour_5217,17330331.37876841
tour_5219,8067718.607405571
tour_5222,18290440.847469606
tour_5226,9069309.884847302
tour_5235,19868389.986446567
tour_5240,854683.7773595364
tour_5242,1004419.2880819497
tour_525,933755.3804527312
tour_5254,9707977.826991804
tour_5256,16505930.614873637
tour_5262,11364375.721524836
tour_5266,24828992.562307775
tour_5267,8334064.502139338
tour_5271,8132261.54056674
tour_5278,26062096.528180026
tour_5282,22956014.135993425
tour_5284,702812.6269113175
tour_5287,12650411.368162904
tour_5292,-693.2020596876537
tour_5295,579591.9808776944
tour_5298,9815559.69678364
tour_5302,4305928.727853297
tour_5303,21878829.065590326
tour_5308,1750375.5116229206
tour_5309,28870780.96239962
tour_531,1322683.3863826992
tour_532,1176457.9654809083
tour_5325,13491256.063072015
tour_5334,24271243.021258604
tour_5337,1749131.2450857365
tour_5341,12359266.521404369
tour_5342,5162060.151515483
tour_5343,2018208.1928969068
tour_5349,1347463.9362684602
tour_5350,5868774.54474034
tour_5354,26366005.464410845
tour_5355,11941808.192659779
tour_536,9094615.26104696
tour_5360,15636073.991129234
tour_5362,939947.8765898799
tour_5367,13128108.71847039
tour_5369,16523736.938979862
tour_5379,802700.9347900138
tour_538,25818458.005750164
tour_5380,30000694.57709514
tour_5386,6991490.157082274
tour_5389,6541240.443716966
tour_539,11154136.569797674
tour_5393,19212999.318409346
tour_5397,6081760.865540637
tour_54,2051571.750981445
tour_5403,977230.9943986381
tour_5405,1029524.7487829763
tour_5406,8275123.646829783
tour_5407,13022495.480350366
tour_5409,1051118.0708808273
tour_5410,19132955.007582087
tour_5420,7883513.021379697
tour_5423,4713240.3168406915
tour_543,2315850.3458325495
tour_5431,9097237.082141913
tour_5432,18513414.649325933
tour_5438,4787762.846616907
tour_5444,8104640.037410965
tour_5450,6304483.270362154
tour_5452,1658285.8789655576
tour_5461,8207853.225506845
tour_5465,772641.6017708443
tour_5470,702812.6269113175
tour_5477,11813714.009762157
tour_5479,13555516.334800726
tour_5481,8564028.723152112
tour_5483,11315555.923670107
tour_5486,972277.1220804951
tour_549,1175271.7521300656
tour_5490,10246726.62018895
tour_5491,6212592.25784499
tour_5492,959189.9683563923
tour_5495,3422407.035407893
tour_5499,20097667.040488668
tour_550,1156693.359509366
tour_5506,702812.6269113175
tour_5508,35110738.75896812
tour_5509,13747943.620085245
tour_5512,15340948.970384663
tour_5519,939947.8765898799
tour_5521,665132.9762508179
tour_5524,692473.5217337346
tour_5525,1362756.9137641864
tour_5527,1130377.3234468093
tour_5529,3140449.7653211406
tour_553,2360161.968169177
tour_5531,1468720.6178740202
tour_5546,7964713.831796507
tour_5549,2242108.829488513
tour_5552,11169718.847636228
tour_5553,17216751.022238385
tour_5555,26335483.794116758
tour_556,7601203.377824009
tour_5566,16466749.536469564
tour_5567,24358507.378179602
tour_5569,1480325.823231079
tour_557,7671333.880466628
tour_5586,10030001.600631244
tour_5588,6832531.738958006
tour_559,1139440.4981466632
tour_5590,7735229.874099682
tour_5600,30365011.240186065
tour_5601,1644968.406760025
tour_5603,944901.7489080229
tour_5609,656830.5366902659
tour_561,27485255.905783467
tour_5610,487410.9068669338
tour_5613,977230.9943986381
tour_5617,1463693.9681132876
tour_5618,1051118.0708808273
tour_5619,696878.183279022
tour_562,12491704.808205707
tour_5625,2072412.4796692857
tour_5628,2444578.57554861
tour_5629,3990475.6311597303
tour_5635,579591.9808776944
tour_5639,18592598.568611592
tour_5644,591007.7278288248
tour_5647,939947.8765898799
tour_5660,6486147.043677901
tour_5661,1571475.8201343445
tour_567,756875.4020361111
tour_5671,664290.8852835535
tour_5675,974060.4520996214
tour_5676,16556415.308878923
tour_5677,8307567.315520261
tour_5680,13723512.468002692
tour_5690,1512017.9669907088
tour_5692,707766.4992294607
tour_5698,2949332.2431113017
tour_570,10719992.475077463
tour_5700,29555606.528524734
tour_5702,5134537.353261566
tour_5704,6134033.8565133
tour_5708,3007776.6868951465
tour_5709,8352538.897201677
tour_5711,9145285.871183293
tour_5715,1455208.939861768
tour_5720,41625332.922608405
tour_5725,4857801.355672283
tour_573,2368355.2919211495
tour_5733,9631384.933052279
tour_5737,4676174.455222513
tour_5740,22620187.686527014
tour_5747,729128.6629738742
tour_5748,18159450.264506772
tour_5749,4394618.192379566
tour_5750,4447724.754987648
tour_5751,2674347.005906052
tour_5764,3623254.1989938235
tour_5768,7092115.721442134
tour_5770,14541147.96382474
tour_5773,602255.5501852479
tour_5775,22777707.60035355
tour_5778,27240834.30205518
tour_5779,3435021.542834036
tour_5781,34840669.06198829
tour_5782,8167326.962281665
tour_5783,719433.6313105082
tour_5787,8085264.30986195
tour_5796,2518607.2064601197
tour_5804,24672891.48416141
tour_5808,4768052.762673277
tour_5810,9437474.9819154
tour_5811,12596564.422832686
tour_5814,3346209.9919201354
tour_5815,4406441.487729751
tour_582,3821782.4838780076
tour_5823,2812773.266230995
tour_5824,18898204.93243047
tour_5827,4744551.428276559
tour_5829,3732853.9592176476
tour_5835,6656306.228134598
tour_5840,33984830.29252666
tour_5845,13782377.621495178
tour_5847,28637871.612983946
tour_5851,531125.3083266862
tour_5854,454614.1307570889
tour_5856,12301512.704252487
tour_5862,901426.1349621159
tour_5868,786934.7350552806
tour_5879,6512162.363796089
tour_5884,14416962.51310124
tour_5888,6696212.314719555
tour_5893,10516888.417617379
tour_5895,1090343.503696086
tour_5902,1569017.0974925752
tour_5906,18510330.975546513
tour_5909,13768389.799865482
tour_5910,3349850.1765913055
tour_5919,2297119.284231137
tour_5923,687519.6494155914
tour_5928,12380161.610154845
tour_5936,13711163.444579653
tour_5937,4768041.44794231
tour_5938,6402769.000887798
tour_5943,3557581.147832815
tour_5946,9693780.065314937
tour_5947,6435122.722268925
tour_595,12727924.461614532
tour_5951,5408392.370748955
tour_5955,2776017.0227581454
tour_5957,3468017.9122728603
tour_5960,1034478.6211011193
tour_5965,12056651.678551616
tour_5967,798029.9271185392
tour_597,6560627.2887976365
tour_5974,5887019.117172119
tour_598,3062439.7400714085
tour_5980,24862896.016209625
tour_5997,2111783.077872322
tour_60,7285202.079742488
tour_600,4287227.266116994
tour_6000,506581.92393566424
tour_6002,1288253.32055939
tour_6013,4260479.924330902
tour_602,14132151.942413084
tour_6023,19085419.628468715
tour_6024,2782321.3328229673
tour_6026,9571385.835003283
tour_6029,21357446.805369172
tour_603,12055142.126336418
tour_6035,6158085.133857312
tour_604,672753.293892148
tour_6044,1244490.1400487062
tour_6047,1541355.1286785803
tour_605,1310103.127081012
tour_6054,34528343.2533506
tour_6057,9354902.807317449
tour_606,9078020.137264092
tour_6064,3441724.160135061
tour_6070,2862646.991251869
tour_6075,14237742.120140359
tour_6076,18517595.168720752
tour_6078,6603496.183040679
tour_6081,14862922.688664267
tour_6083,6143294.0174133275
tour_609,1342672.3453535351
tour_6100,25532866.9201911
tour_6106,23752563.026516944
tour_6113,14780705.146290049
tour_6118,634231.552264384
tour_6123,1391868.7253209515
tour_6126,939947.8765898799
tour_6127,787407.9572942877
tour_6128,1430198.8762462563
tour_6129,1032672.469216223
tour_6131,772641.6017708443
tour_6144,1490351.275615317
tour_6146,1269416.394492394
tour_6151,461074.0325619099
tour_6157,396910.1722385292
tour_6160,1046164.1985626842
tour_6161,942217.7890613256
tour_6170,553856.7404705122
tour_6172,939947.8765898799
tour_6174,772641.6017708443
tour_6191,1270291.6188757215
tour_6195,1624899.5078467494
tour_6199,707766.4992294607
tour_62,8529259.766422916
tour_620,1420999.902432391
tour_6202,942217.7890613256
tour_6204,907490.2995980321
tour_6209,548902.8681523689
tour_6213,1214097.3161589564
tour_6215,702812.6269113175
tour_6218,2072412.4796692857
tour_6228,1046164.1985626842
tour_6237,548902.8681523689
tour_6241,2373995.9947515726
tour_6244,517470.23988610326
tour_625,922256.6551214756
tour_6252,929608.7714122968
tour_6261,866229.6157127935
tour_6262,906813.0302852251
tour_6263,510381.126524605
tour_6266,893819.7973078812
tour_6267,702812.6269113175
tour_6272,3327851.836070907
tour_6273,3175993.5023739473
tour_6280,1260689.0790790487
tour_6281,781700.9612115115
tour_6282,939947.8765898799
tour_6284,1366763.264619925
tour_6290,702812.6269113175
tour_6291,1034545.1439928219
tour_6293,944901.7489080229
tour_6296,942503.5049353447
tour_6302,10719319.978307217
tour_6307,7220556.116385341
tour_6309,939947.8765898799
tour_6310,1799907.876665937
tour_6322,977230.9943986381
tour_6328,702812.6269113175
tour_6329,449423.3383697976
tour_6331,944901.7489080229
tour_6338,1316774.8235431348
tour_634,1259364.9110154372
tour_6340,893819.7973078812
tour_6342,1051118.0708808273
tour_6343,700241.8962178291
tour_6347,909742.5545097633
tour_6349,776747.0888933683
tour_6350,677707.1662102912
tour_6351,1022372.4105496914
tour_6353,664713.9332329474
tour_6358,1715073.5848169494
tour_6362,2220959.929080746
tour_6363,653625.7437792814
tour_6365,422297.81284280476
tour_6366,1839859.1026479402
tour_6371,386012.02420204645
tour_6379,1035825.0933851012
tour_6383,656526.6980594894
tour_6391,1325305.2800147103
tour_6404,1260246.024972336
tour_6413,972277.1220804951
tour_6415,943190.4023429303
tour_6416,1022372.4105496914
tour_6417,616700.7602140728
tour_6421,1051118.0708808273
tour_6425,938499.0471383469
tour_6427,580672.3839187128
tour_6434,1017670.2230476603
tour_6437,1014231.77128725
tour_6442,1055651.0705614516
tour_6446,3154370.1745862626
tour_6451,1461089.4289546781
tour_6457,1255735.2067609057
tour_6463,777969.540572208
tour_6464,702812.6269113175
tour_6467,690606.9213461103
tour_6472,1047729.55606683
tour_6473,3240262.8404647736
tour_6474,933755.3804527312
tour_648,3034333.7739911918
tour_653,1119713.424910472
tour_659,12375959.901793534
tour_66,7325334.765211225
tour_660,9107681.796482746
tour_661,11290794.420851074
tour_663,1407464.653606933
tour_665,1557650.0112130137
tour_667,2562698.917146921
tour_67,27424198.966157228
tour_674,608350.0468978289
tour_677,1051046.9616466896
tour_682,6832985.524180291
tour_683,3071015.31531565
tour_685,2999664.160519665
tour_690,4575556.568683824
tour_7,1313943.149873738
tour_700,1461089.4289546781
tour_701,31951713.53001896
tour_704,1735747.9436981813
tour_705,787407.9572942877
tour_707,6557751.451448811
tour_711,17808748.87003151
tour_714,2531287.5770260645
tour_718,11337035.388136264
tour_726,11685832.335239781
tour_729,23510114.323749106
tour_733,30635232.379010815
tour_734,4092533.227954526
tour_735,8031420.432769658
tour_742,1706374.7458079886
tour_747,3900458.2110214885
tour_750,1935114.6750928303
tour_753,1650428.7762498816
tour_757,19325147.265910633
tour_759,1245701.2145013462
tour_764,489315.0961626911
tour_765,2390741.1018275586
tour_771,6125874.007719978
tour_772,4435647.736561598
tour_776,8892982.911900543
tour_780,22187197.0333813
tour_787,5123109.468999473
tour_791,3841876.09754411
tour_794,3130327.0095173726
tour_798,36264163.853630066
tour_805,363000.1190155098
tour_816,1151739.487191223
tour_817,1748477.0408824806
tour_819,8081253.501228659
tour_830,4987460.471902548
tour_831,6864434.895883442
tour_836,11075640.001890073
tour_837,4269200.304201194
tour_843,3865350.4437191486
tour_844,12127808.255870545
tour_850,4944489.648623313
tour_861,4377437.981307824
tour_863,5217858.106448586
tour_870,3243910.016859621
tour_874,1376575.7478252253
tour_878,8901927.183340667
tour_879,1224562.4505019158
tour_88,12260551.906320704
tour_881,1139440.4981466632
tour_882,3596879.754658997
tour_888,3816942.0730301547
tour_890,2013529.586078506
tour_891,907490.2995980321
tour_892,6838671.435253261
tour_894,1129628.014941363
tour_897,6852777.410530535
tour_901,8267853.423787863
tour_903,1045686.0894695935
tour_905,1154733.4756423894
tour_906,7915633.76846505
tour_915,4432098.102064986
tour_918,30223233.506148007
tour_921,966263.9126524366
tour_923,15542948.39377916
tour_925,5528606.937128506
tour_931,8919082.382382948
tour_937,9381057.39923167
tour_938,2364095.917286723
tour_941,17140138.30060873
tour_942,10352954.63161185
tour_947,2854390.919239939
tour_95,8923351.201012976
tour_950,1110130.47363294
tour_958,4471639.985884444
tour_959,7620311.665864371
tour_96,1652431.4750476445
tour_963,3262613.633811641
tour_964,8440340.281500677
tour_965,1093903.8778002814
tour_968,7843568.537679043
tour_971,11262510.129866058
tour_972,6747508.799287399
tour_977,2244583.342167486
tour_988,702812.6269113175
tour_990,17317797.056741305
tour_992,1144394.3704648062
tour_996,734082.5352920175
tour_998,4941970.014682681
